{
  "best_metric": null,
  "best_model_checkpoint": null,
  "epoch": 4.998240056318198,
  "eval_steps": 500,
  "global_step": 3550,
  "is_hyper_param_search": false,
  "is_local_process_zero": true,
  "is_world_process_zero": true,
  "log_history": [
    {
      "epoch": 0.7,
      "learning_rate": 0.0002577464788732394,
      "logits/chosen": -0.9325949549674988,
      "logits/rejected": -1.0388996601104736,
      "logps/chosen": -85.90745544433594,
      "logps/rejected": -150.2977752685547,
      "loss": 0.0197,
      "main/chosen_prob_diff": -3.759889602661133,
      "main/kl_div": 4.6192348236218095e-05,
      "main/loss": 0.019696660339832306,
      "main/rejected_prob_diff": -80.03605651855469,
      "rewards/accuracies": 0.9904999732971191,
      "rewards/chosen": -1.1279667615890503,
      "rewards/margins": 22.882854461669922,
      "rewards/rejected": -24.01081657409668,
      "step": 500
    },
    {
      "epoch": 1.41,
      "learning_rate": 0.00021549295774647887,
      "logits/chosen": -0.9355151653289795,
      "logits/rejected": -1.0611631870269775,
      "logps/chosen": -82.93264770507812,
      "logps/rejected": -157.3721160888672,
      "loss": 0.0,
      "main/chosen_prob_diff": -0.684280514717102,
      "main/kl_div": 5.030799002270214e-05,
      "main/loss": 3.8017796555323e-07,
      "main/rejected_prob_diff": -87.24044036865234,
      "rewards/accuracies": 1.0,
      "rewards/chosen": -0.20528416335582733,
      "rewards/margins": 25.96685218811035,
      "rewards/rejected": -26.172134399414062,
      "step": 1000
    },
    {
      "epoch": 2.11,
      "learning_rate": 0.0001732394366197183,
      "logits/chosen": -0.969832718372345,
      "logits/rejected": -1.0893161296844482,
      "logps/chosen": -83.23192596435547,
      "logps/rejected": -159.45175170898438,
      "loss": 0.0,
      "main/chosen_prob_diff": -0.6408294439315796,
      "main/kl_div": 5.203580076340586e-05,
      "main/loss": 1.3540881127482862e-07,
      "main/rejected_prob_diff": -89.3414077758789,
      "rewards/accuracies": 1.0,
      "rewards/chosen": -0.19224882125854492,
      "rewards/margins": 26.610177993774414,
      "rewards/rejected": -26.80242347717285,
      "step": 1500
    },
    {
      "epoch": 2.82,
      "learning_rate": 0.00013098591549295772,
      "logits/chosen": -0.9907681941986084,
      "logits/rejected": -1.1091115474700928,
      "logps/chosen": -83.24608612060547,
      "logps/rejected": -161.74183654785156,
      "loss": 0.0,
      "main/chosen_prob_diff": -0.7807313203811646,
      "main/kl_div": 5.2612183935707435e-05,
      "main/loss": 7.686629288627955e-08,
      "main/rejected_prob_diff": -91.00827026367188,
      "rewards/accuracies": 1.0,
      "rewards/chosen": -0.23421938717365265,
      "rewards/margins": 27.06826400756836,
      "rewards/rejected": -27.30248260498047,
      "step": 2000
    },
    {
      "epoch": 3.52,
      "learning_rate": 8.873239436619717e-05,
      "logits/chosen": -1.0097345113754272,
      "logits/rejected": -1.1311901807785034,
      "logps/chosen": -83.04683685302734,
      "logps/rejected": -161.44241333007812,
      "loss": 0.0,
      "main/chosen_prob_diff": -1.4427399635314941,
      "main/kl_div": 5.3265717724571005e-05,
      "main/loss": 8.285525154860807e-08,
      "main/rejected_prob_diff": -91.83039855957031,
      "rewards/accuracies": 1.0,
      "rewards/chosen": -0.43282201886177063,
      "rewards/margins": 27.116296768188477,
      "rewards/rejected": -27.54911994934082,
      "step": 2500
    },
    {
      "epoch": 4.22,
      "learning_rate": 4.647887323943661e-05,
      "logits/chosen": -1.028146743774414,
      "logits/rejected": -1.1478610038757324,
      "logps/chosen": -83.72662353515625,
      "logps/rejected": -163.01849365234375,
      "loss": 0.0,
      "main/chosen_prob_diff": -1.0145177841186523,
      "main/kl_div": 5.380152288125828e-05,
      "main/loss": 6.129003793375887e-08,
      "main/rejected_prob_diff": -92.60604858398438,
      "rewards/accuracies": 1.0,
      "rewards/chosen": -0.30435535311698914,
      "rewards/margins": 27.477460861206055,
      "rewards/rejected": -27.78181266784668,
      "step": 3000
    },
    {
      "epoch": 4.93,
      "learning_rate": 4.225352112676056e-06,
      "logits/chosen": -1.0382108688354492,
      "logits/rejected": -1.1551907062530518,
      "logps/chosen": -83.69346618652344,
      "logps/rejected": -163.4508056640625,
      "loss": 0.0,
      "main/chosen_prob_diff": -1.322754144668579,
      "main/kl_div": 5.422576214186847e-05,
      "main/loss": 5.9228820958878714e-08,
      "main/rejected_prob_diff": -93.09603881835938,
      "rewards/accuracies": 1.0,
      "rewards/chosen": -0.3968263566493988,
      "rewards/margins": 27.531984329223633,
      "rewards/rejected": -27.92881202697754,
      "step": 3500
    }
  ],
  "logging_steps": 500,
  "max_steps": 3550,
  "num_input_tokens_seen": 0,
  "num_train_epochs": 5,
  "save_steps": 355,
  "total_flos": 0.0,
  "train_batch_size": 1,
  "trial_name": null,
  "trial_params": null
}
