{
  "best_metric": null,
  "best_model_checkpoint": null,
  "epoch": 4.998240056318198,
  "eval_steps": 500,
  "global_step": 3550,
  "is_hyper_param_search": false,
  "is_local_process_zero": true,
  "is_world_process_zero": true,
  "log_history": [
    {
      "epoch": 0.7,
      "learning_rate": 0.0002577464788732394,
      "logits/chosen": -1.3623653650283813,
      "logits/rejected": -1.424311637878418,
      "logps/chosen": -74.13653564453125,
      "logps/rejected": -85.24185943603516,
      "loss": 2.0266,
      "main/chosen_prob_diff": 5.1292314529418945,
      "main/kl_div": 9.87438852462219e-06,
      "main/loss": 2.026641607284546,
      "main/rejected_prob_diff": -18.35453987121582,
      "rewards/accuracies": 0.9745000004768372,
      "rewards/chosen": 153.876953125,
      "rewards/margins": 704.5131225585938,
      "rewards/rejected": -550.6361694335938,
      "step": 500
    },
    {
      "epoch": 1.41,
      "learning_rate": 0.00021549295774647887,
      "logits/chosen": -2.1445417404174805,
      "logits/rejected": -2.1397218704223633,
      "logps/chosen": -95.08345794677734,
      "logps/rejected": -155.78578186035156,
      "loss": 0.5779,
      "main/chosen_prob_diff": -15.457306861877441,
      "main/kl_div": 8.525722660124302e-05,
      "main/loss": 0.5778892040252686,
      "main/rejected_prob_diff": -89.32086944580078,
      "rewards/accuracies": 0.9984999895095825,
      "rewards/chosen": -463.71923828125,
      "rewards/margins": 2215.906982421875,
      "rewards/rejected": -2679.62646484375,
      "step": 1000
    },
    {
      "epoch": 2.11,
      "learning_rate": 0.0001732394366197183,
      "logits/chosen": -1.8443100452423096,
      "logits/rejected": -1.879610538482666,
      "logps/chosen": -73.16388702392578,
      "logps/rejected": -130.75341796875,
      "loss": 0.0,
      "main/chosen_prob_diff": 6.275780200958252,
      "main/kl_div": 5.1446331781335175e-05,
      "main/loss": 0.0,
      "main/rejected_prob_diff": -63.62336349487305,
      "rewards/accuracies": 1.0,
      "rewards/chosen": 188.2733917236328,
      "rewards/margins": 2096.974365234375,
      "rewards/rejected": -1908.700927734375,
      "step": 1500
    },
    {
      "epoch": 2.82,
      "learning_rate": 0.00013098591549295772,
      "logits/chosen": -1.8521209955215454,
      "logits/rejected": -1.8871515989303589,
      "logps/chosen": -73.04418182373047,
      "logps/rejected": -129.80368041992188,
      "loss": 0.0,
      "main/chosen_prob_diff": 6.558429718017578,
      "main/kl_div": 5.137514745001681e-05,
      "main/loss": 0.0,
      "main/rejected_prob_diff": -63.173587799072266,
      "rewards/accuracies": 1.0,
      "rewards/chosen": 196.75286865234375,
      "rewards/margins": 2091.960693359375,
      "rewards/rejected": -1895.2076416015625,
      "step": 2000
    },
    {
      "epoch": 3.52,
      "learning_rate": 8.873239436619717e-05,
      "logits/chosen": -1.8530552387237549,
      "logits/rejected": -1.8861713409423828,
      "logps/chosen": -73.02051544189453,
      "logps/rejected": -129.9586944580078,
      "loss": 0.0,
      "main/chosen_prob_diff": 6.165307998657227,
      "main/kl_div": 5.154657628736459e-05,
      "main/loss": 0.0,
      "main/rejected_prob_diff": -63.40131378173828,
      "rewards/accuracies": 1.0,
      "rewards/chosen": 184.95921325683594,
      "rewards/margins": 2086.99853515625,
      "rewards/rejected": -1902.039306640625,
      "step": 2500
    },
    {
      "epoch": 4.22,
      "learning_rate": 4.647887323943661e-05,
      "logits/chosen": -1.7972908020019531,
      "logits/rejected": -1.8378435373306274,
      "logps/chosen": -73.03868865966797,
      "logps/rejected": -131.37928771972656,
      "loss": 0.0,
      "main/chosen_prob_diff": 6.558937072753906,
      "main/kl_div": 5.0846538215409964e-05,
      "main/loss": 0.0,
      "main/rejected_prob_diff": -63.66898727416992,
      "rewards/accuracies": 1.0,
      "rewards/chosen": 196.76812744140625,
      "rewards/margins": 2106.837646484375,
      "rewards/rejected": -1910.0694580078125,
      "step": 3000
    },
    {
      "epoch": 4.93,
      "learning_rate": 4.225352112676056e-06,
      "logits/chosen": -1.8531255722045898,
      "logits/rejected": -1.887190341949463,
      "logps/chosen": -72.67967224121094,
      "logps/rejected": -129.15321350097656,
      "loss": 0.0,
      "main/chosen_prob_diff": 6.486076831817627,
      "main/kl_div": 5.155595863470808e-05,
      "main/loss": 0.0,
      "main/rejected_prob_diff": -63.0002326965332,
      "rewards/accuracies": 1.0,
      "rewards/chosen": 194.58230590820312,
      "rewards/margins": 2084.589599609375,
      "rewards/rejected": -1890.0072021484375,
      "step": 3500
    }
  ],
  "logging_steps": 500,
  "max_steps": 3550,
  "num_input_tokens_seen": 0,
  "num_train_epochs": 5,
  "save_steps": 355,
  "total_flos": 0.0,
  "train_batch_size": 1,
  "trial_name": null,
  "trial_params": null
}
