{
  "best_metric": null,
  "best_model_checkpoint": null,
  "epoch": 4.9929676511954995,
  "eval_steps": 500,
  "global_step": 3550,
  "is_hyper_param_search": false,
  "is_local_process_zero": true,
  "is_world_process_zero": true,
  "log_history": [
    {
      "epoch": 0.7,
      "learning_rate": 0.00025780590717299574,
      "logits/chosen": -1.723659634590149,
      "logits/rejected": -1.7354086637496948,
      "logps/chosen": -52.80416488647461,
      "logps/rejected": -62.67667007446289,
      "loss": 1.084,
      "main/chosen_prob_diff": 7.343169689178467,
      "main/kl_div": 8.90427236299729e-06,
      "main/loss": 1.0839881896972656,
      "main/rejected_prob_diff": -16.182756423950195,
      "rewards/accuracies": 0.9779999852180481,
      "rewards/chosen": 220.2950897216797,
      "rewards/margins": 705.7778930664062,
      "rewards/rejected": -485.4826965332031,
      "step": 500
    },
    {
      "epoch": 1.41,
      "learning_rate": 0.00021561181434599154,
      "logits/chosen": -2.283034324645996,
      "logits/rejected": -2.3088154792785645,
      "logps/chosen": -49.922149658203125,
      "logps/rejected": -69.31121063232422,
      "loss": 0.0936,
      "main/chosen_prob_diff": 9.629344940185547,
      "main/kl_div": 1.3207813935878221e-05,
      "main/loss": 0.09356322884559631,
      "main/rejected_prob_diff": -22.902742385864258,
      "rewards/accuracies": 0.9994999766349792,
      "rewards/chosen": 288.8803405761719,
      "rewards/margins": 975.9625854492188,
      "rewards/rejected": -687.082275390625,
      "step": 1000
    },
    {
      "epoch": 2.11,
      "learning_rate": 0.00017341772151898733,
      "logits/chosen": -2.331749439239502,
      "logits/rejected": -2.357461452484131,
      "logps/chosen": -50.283695220947266,
      "logps/rejected": -69.91351318359375,
      "loss": 0.0,
      "main/chosen_prob_diff": 9.793704986572266,
      "main/kl_div": 1.3580625818576664e-05,
      "main/loss": 1.032979860756843e-30,
      "main/rejected_prob_diff": -23.395063400268555,
      "rewards/accuracies": 1.0,
      "rewards/chosen": 293.8111267089844,
      "rewards/margins": 995.6629638671875,
      "rewards/rejected": -701.8518676757812,
      "step": 1500
    },
    {
      "epoch": 2.81,
      "learning_rate": 0.00013122362869198313,
      "logits/chosen": -2.3333799839019775,
      "logits/rejected": -2.358707904815674,
      "logps/chosen": -50.421382904052734,
      "logps/rejected": -70.24610137939453,
      "loss": 0.0,
      "main/chosen_prob_diff": 9.891322135925293,
      "main/kl_div": 1.355026506644208e-05,
      "main/loss": 5.830762637071484e-18,
      "main/rejected_prob_diff": -23.385427474975586,
      "rewards/accuracies": 1.0,
      "rewards/chosen": 296.73968505859375,
      "rewards/margins": 998.302490234375,
      "rewards/rejected": -701.5628051757812,
      "step": 2000
    },
    {
      "epoch": 3.52,
      "learning_rate": 8.90295358649789e-05,
      "logits/chosen": -2.3260915279388428,
      "logits/rejected": -2.3512096405029297,
      "logps/chosen": -50.41226577758789,
      "logps/rejected": -69.92188262939453,
      "loss": 0.0,
      "main/chosen_prob_diff": 9.569581985473633,
      "main/kl_div": 1.3475206287694164e-05,
      "main/loss": 6.940663131301928e-37,
      "main/rejected_prob_diff": -23.618820190429688,
      "rewards/accuracies": 1.0,
      "rewards/chosen": 287.0874328613281,
      "rewards/margins": 995.6520385742188,
      "rewards/rejected": -708.5646362304688,
      "step": 2500
    },
    {
      "epoch": 4.22,
      "learning_rate": 4.683544303797468e-05,
      "logits/chosen": -2.351456880569458,
      "logits/rejected": -2.3775546550750732,
      "logps/chosen": -49.66189193725586,
      "logps/rejected": -69.43787384033203,
      "loss": 0.0,
      "main/chosen_prob_diff": 9.806912422180176,
      "main/kl_div": 1.3678174582310021e-05,
      "main/loss": 4.165796675400337e-21,
      "main/rejected_prob_diff": -23.331663131713867,
      "rewards/accuracies": 1.0,
      "rewards/chosen": 294.2073669433594,
      "rewards/margins": 994.1571655273438,
      "rewards/rejected": -699.9498291015625,
      "step": 3000
    },
    {
      "epoch": 4.92,
      "learning_rate": 4.641350210970464e-06,
      "logits/chosen": -2.3392176628112793,
      "logits/rejected": -2.36421537399292,
      "logps/chosen": -50.69843292236328,
      "logps/rejected": -70.30989074707031,
      "loss": 0.0,
      "main/chosen_prob_diff": 9.824576377868652,
      "main/kl_div": 1.353844072582433e-05,
      "main/loss": 1.81450856157515e-20,
      "main/rejected_prob_diff": -23.28725242614746,
      "rewards/accuracies": 1.0,
      "rewards/chosen": 294.7372741699219,
      "rewards/margins": 993.3549194335938,
      "rewards/rejected": -698.6175537109375,
      "step": 3500
    }
  ],
  "logging_steps": 500,
  "max_steps": 3555,
  "num_input_tokens_seen": 0,
  "num_train_epochs": 5,
  "save_steps": 355,
  "total_flos": 0.0,
  "train_batch_size": 4,
  "trial_name": null,
  "trial_params": null
}
