{
  "best_metric": null,
  "best_model_checkpoint": null,
  "epoch": 2.9957805907173,
  "eval_steps": 500,
  "global_step": 2130,
  "is_hyper_param_search": false,
  "is_local_process_zero": true,
  "is_world_process_zero": true,
  "log_history": [
    {
      "epoch": 0.7,
      "learning_rate": 0.00022967651195499294,
      "logits/chosen": -0.9229645133018494,
      "logits/rejected": -0.9323088526725769,
      "logps/chosen": -60.92418670654297,
      "logps/rejected": -92.9399185180664,
      "loss": 0.0187,
      "main/chosen_prob_diff": -2.6164257526397705,
      "main/kl_div": 3.038680188183207e-05,
      "main/loss": 0.018725231289863586,
      "main/rejected_prob_diff": -47.882110595703125,
      "rewards/accuracies": 0.9925000071525574,
      "rewards/chosen": -2.6164257526397705,
      "rewards/margins": 45.26567840576172,
      "rewards/rejected": -47.882110595703125,
      "step": 500
    },
    {
      "epoch": 1.41,
      "learning_rate": 0.00015935302390998593,
      "logits/chosen": -1.2573633193969727,
      "logits/rejected": -1.2697672843933105,
      "logps/chosen": -68.29278564453125,
      "logps/rejected": -133.29415893554688,
      "loss": 0.0,
      "main/chosen_prob_diff": -9.925084114074707,
      "main/kl_div": 4.734248068416491e-05,
      "main/loss": 7.240286777232541e-06,
      "main/rejected_prob_diff": -88.4203109741211,
      "rewards/accuracies": 1.0,
      "rewards/chosen": -9.925084114074707,
      "rewards/margins": 78.49523162841797,
      "rewards/rejected": -88.4203109741211,
      "step": 1000
    },
    {
      "epoch": 2.11,
      "learning_rate": 8.90295358649789e-05,
      "logits/chosen": -1.434743881225586,
      "logits/rejected": -1.4466601610183716,
      "logps/chosen": -72.8083724975586,
      "logps/rejected": -153.36328125,
      "loss": 0.0,
      "main/chosen_prob_diff": -14.128242492675781,
      "main/kl_div": 5.340057032299228e-05,
      "main/loss": 3.269616023239552e-13,
      "main/rejected_prob_diff": -108.5203628540039,
      "rewards/accuracies": 1.0,
      "rewards/chosen": -14.128242492675781,
      "rewards/margins": 94.39212036132812,
      "rewards/rejected": -108.5203628540039,
      "step": 1500
    },
    {
      "epoch": 2.81,
      "learning_rate": 1.870604781997187e-05,
      "logits/chosen": -1.431301474571228,
      "logits/rejected": -1.44431734085083,
      "logps/chosen": -72.68433380126953,
      "logps/rejected": -154.18629455566406,
      "loss": 0.0,
      "main/chosen_prob_diff": -14.088481903076172,
      "main/kl_div": 5.343984958017245e-05,
      "main/loss": 6.232673882208828e-13,
      "main/rejected_prob_diff": -108.69087219238281,
      "rewards/accuracies": 1.0,
      "rewards/chosen": -14.088481903076172,
      "rewards/margins": 94.60238647460938,
      "rewards/rejected": -108.69087219238281,
      "step": 2000
    }
  ],
  "logging_steps": 500,
  "max_steps": 2133,
  "num_input_tokens_seen": 0,
  "num_train_epochs": 3,
  "save_steps": 213,
  "total_flos": 0.0,
  "train_batch_size": 4,
  "trial_name": null,
  "trial_params": null
}
